”N“x,Ží•Ê,‹àŠzi‰­‰~j,”õl
1992,‚RƒVƒeƒBŠî‹à‚É—Þ‚·‚éŠî‹à,"6,071",ŒˆŽZŠz
1992,à­’²®Šî‹à,"1,762",ŒˆŽZŠz
1992,‚»‚Ì‘¼Šî‹à,"1,989",ŒˆŽZŠz
1992,‡Œv,"9,822",ŒˆŽZŠz
1993,‚RƒVƒeƒBŠî‹à‚É—Þ‚·‚éŠî‹à,"5,851",ŒˆŽZŠz
1993,à­’²®Šî‹à,"1,821",ŒˆŽZŠz
1993,‚»‚Ì‘¼Šî‹à,"2,021",ŒˆŽZŠz
1993,‡Œv,"9,693",ŒˆŽZŠz
1994,‚RƒVƒeƒBŠî‹à‚É—Þ‚·‚éŠî‹à,"5,073",ŒˆŽZŠz
1994,à­’²®Šî‹à,"2,108",ŒˆŽZŠz
1994,‚»‚Ì‘¼Šî‹à,"2,039",ŒˆŽZŠz
1994,‡Œv,"9,220",ŒˆŽZŠz
1995,‚RƒVƒeƒBŠî‹à‚É—Þ‚·‚éŠî‹à,"3,231",ŒˆŽZŠz
1995,à­’²®Šî‹à,"1,546",ŒˆŽZŠz
1995,‚»‚Ì‘¼Šî‹à,"2,031",ŒˆŽZŠz
1995,‡Œv,"6,808",ŒˆŽZŠz
1996,‚RƒVƒeƒBŠî‹à‚É—Þ‚·‚éŠî‹à,"2,588",ŒˆŽZŠz
1996,à­’²®Šî‹à,"2,189",ŒˆŽZŠz
1996,‚»‚Ì‘¼Šî‹à,"1,915",ŒˆŽZŠz
1996,‡Œv,"6,692",ŒˆŽZŠz
1997,‚RƒVƒeƒBŠî‹à‚É—Þ‚·‚éŠî‹à,"1,762",ŒˆŽZŠz
1997,à­’²®Šî‹à,10,ŒˆŽZŠz
1997,‚»‚Ì‘¼Šî‹à,"1,888",ŒˆŽZŠz
1997,‡Œv,"3,660",ŒˆŽZŠz
1998,‚RƒVƒeƒBŠî‹à‚É—Þ‚·‚éŠî‹à,"1,033",ŒˆŽZŠz
1998,à­’²®Šî‹à,484,ŒˆŽZŠz
1998,‚»‚Ì‘¼Šî‹à,"1,876",ŒˆŽZŠz
1998,‡Œv,"3,393",ŒˆŽZŠz
1999,‚RƒVƒeƒBŠî‹à‚É—Þ‚·‚éŠî‹à,854,ŒˆŽZŠz
1999,à­’²®Šî‹à,15,ŒˆŽZŠz
1999,‚»‚Ì‘¼Šî‹à,"1,967",ŒˆŽZŠz
1999,‡Œv,"2,836",ŒˆŽZŠz
2000,‚RƒVƒeƒBŠî‹à‚É—Þ‚·‚éŠî‹à,876,ŒˆŽZŠz
2000,à­’²®Šî‹à,"1,420",ŒˆŽZŠz
2000,‚»‚Ì‘¼Šî‹à,"1,936",ŒˆŽZŠz
2000,‡Œv,"4,232",ŒˆŽZŠz
2001,‚RƒVƒeƒBŠî‹à‚É—Þ‚·‚éŠî‹à,"1,477",ŒˆŽZŠz
2001,à­’²®Šî‹à,"1,891",ŒˆŽZŠz
2001,‚»‚Ì‘¼Šî‹à,"2,109",ŒˆŽZŠz
2001,‡Œv,"5,477",ŒˆŽZŠz
2002,‚RƒVƒeƒBŠî‹à‚É—Þ‚·‚éŠî‹à,"1,008",ŒˆŽZŠz
2002,à­’²®Šî‹à,"2,060",ŒˆŽZŠz
2002,‚»‚Ì‘¼Šî‹à,"1,833",ŒˆŽZŠz
2002,‡Œv,"4,901",ŒˆŽZŠz
2003,‚RƒVƒeƒBŠî‹à‚É—Þ‚·‚éŠî‹à,677,ŒˆŽZŠz
2003,à­’²®Šî‹à,791,ŒˆŽZŠz
2003,‚»‚Ì‘¼Šî‹à,668,ŒˆŽZŠz
2003,‡Œv,"2,136",ŒˆŽZŠz
2004,‚RƒVƒeƒBŠî‹à‚É—Þ‚·‚éŠî‹à,703,ŒˆŽZŠz
2004,à­’²®Šî‹à,"2,090",ŒˆŽZŠz
2004,‚»‚Ì‘¼Šî‹à,517,ŒˆŽZŠz
2004,‡Œv,"3,310",ŒˆŽZŠz
2005,‚RƒVƒeƒBŠî‹à‚É—Þ‚·‚éŠî‹à,"1,242",ŒˆŽZŠz
2005,à­’²®Šî‹à,"3,939",ŒˆŽZŠz
2005,‚»‚Ì‘¼Šî‹à,492,ŒˆŽZŠz
2005,‡Œv,"5,673",ŒˆŽZŠz
2006,‚RƒVƒeƒBŠî‹à‚É—Þ‚·‚éŠî‹à,"2,289",ŒˆŽZŠz
2006,à­’²®Šî‹à,"4,332",ŒˆŽZŠz
2006,‚»‚Ì‘¼Šî‹à,542,ŒˆŽZŠz
2006,‡Œv,"7,163",ŒˆŽZŠz
2007,‚RƒVƒeƒBŠî‹à‚É—Þ‚·‚éŠî‹à,"6,781",ŒˆŽZŠz
2007,à­’²®Šî‹à,"5,807",ŒˆŽZŠz
2007,‚»‚Ì‘¼Šî‹à,908,ŒˆŽZŠz
2007,‡Œv,"13,496",ŒˆŽZŠz
2008,‚RƒVƒeƒBŠî‹à‚É—Þ‚·‚éŠî‹à,"10,286",ŒˆŽZŠz
2008,à­’²®Šî‹à,"5,458",ŒˆŽZŠz
2008,‚»‚Ì‘¼Šî‹à,"1,989",ŒˆŽZŠz
2008,‡Œv,"17,733",ŒˆŽZŠz
2009,‚RƒVƒeƒBŠî‹à‚É—Þ‚·‚éŠî‹à,"8,819",ŒˆŽZŠz
2009,à­’²®Šî‹à,"4,924",ŒˆŽZŠz
2009,‚»‚Ì‘¼Šî‹à,"3,190",ŒˆŽZŠz
2009,‡Œv,"16,933",ŒˆŽZŠz
2010,‚RƒVƒeƒBŠî‹à‚É—Þ‚·‚éŠî‹à,"7,427",ŒˆŽZŠz
2010,à­’²®Šî‹à,"4,696",ŒˆŽZŠz
2010,‚»‚Ì‘¼Šî‹à,"2,949",ŒˆŽZŠz
2010,‡Œv,"15,072",ŒˆŽZŠz
2011,‚RƒVƒeƒBŠî‹à‚É—Þ‚·‚éŠî‹à,"7,045",ŒˆŽZŠz
2011,à­’²®Šî‹à,"3,986",ŒˆŽZŠz
2011,‚»‚Ì‘¼Šî‹à,"2,643",ŒˆŽZŠz
2011,‡Œv,"13,674",ŒˆŽZŠz
2012,‚RƒVƒeƒBŠî‹à‚É—Þ‚·‚éŠî‹à,"7,329",ŒˆŽZŠz
2012,à­’²®Šî‹à,"4,179",ŒˆŽZŠz
2012,‚»‚Ì‘¼Šî‹à,"2,293",ŒˆŽZŠz
2012,‡Œv,"13,801",ŒˆŽZŠz
2013,‚RƒVƒeƒBŠî‹à‚É—Þ‚·‚éŠî‹à,"8,316",ŒˆŽZŠz
2013,à­’²®Šî‹à,"4,552",ŒˆŽZŠz
2013,‚»‚Ì‘¼Šî‹à,"2,136",ŒˆŽZŠz
2013,‡Œv,"15,004",ŒˆŽZŠz
2014,‚RƒVƒeƒBŠî‹à‚É—Þ‚·‚éŠî‹à,"10,347",ŒˆŽZŠz
2014,à­’²®Šî‹à,"5,663",ŒˆŽZŠz
2014,‚»‚Ì‘¼Šî‹à,"2,041",ŒˆŽZŠz
2014,‡Œv,"18,051",ŒˆŽZŠz
2015,‚RƒVƒeƒBŠî‹à‚É—Þ‚·‚éŠî‹à,"14,372",ŒˆŽZŠz
2015,à­’²®Šî‹à,"6,248",ŒˆŽZŠz
2015,‚»‚Ì‘¼Šî‹à,"2,053",ŒˆŽZŠz
2015,‡Œv,"22,673",ŒˆŽZŠz
2016,‚RƒVƒeƒBŠî‹à‚É—Þ‚·‚éŠî‹à,"17,385",ŒˆŽZŠz
2016,à­’²®Šî‹à,"6,274",ŒˆŽZŠz
2016,‚»‚Ì‘¼Šî‹à,"2,120",ŒˆŽZŠz
2016,‡Œv,"25,779",ŒˆŽZŠz
2017,‚RƒVƒeƒBŠî‹à‚É—Þ‚·‚éŠî‹à,"18,117",ŒˆŽZŠz
2017,à­’²®Šî‹à,"7,165",ŒˆŽZŠz
2017,‚»‚Ì‘¼Šî‹à,"2,274",ŒˆŽZŠz
2017,‡Œv,"27,556",ŒˆŽZŠz
2018,‚RƒVƒeƒBŠî‹à‚É—Þ‚·‚éŠî‹à,"15,189",ŒˆŽZŠz
2018,à­’²®Šî‹à,"8,428",ŒˆŽZŠz
2018,‚»‚Ì‘¼Šî‹à,"1,378",ŒˆŽZŠz
2018,‡Œv,"24,995",ŒˆŽZŠz
2019,‚RƒVƒeƒBŠî‹à‚É—Þ‚·‚éŠî‹à,"15,556",ŒˆŽZŠz
2019,à­’²®Šî‹à,"9,345",ŒˆŽZŠz
2019,‚»‚Ì‘¼Šî‹à,"1,366",ŒˆŽZŠz
2019,‡Œv,"26,267",ŒˆŽZŠz
2020,‚RƒVƒeƒBŠî‹à‚É—Þ‚·‚éŠî‹à,"15,742",ŒˆŽZŠz
2020,à­’²®Šî‹à,"5,327",ŒˆŽZŠz
2020,‚»‚Ì‘¼Šî‹à,"1,348",ŒˆŽZŠz
2020,‡Œv,"22,417",ŒˆŽZŠz
2021,‚RƒVƒeƒBŠî‹à‚É—Þ‚·‚éŠî‹à,"13,273",ŒˆŽZŠz
2021,à­’²®Šî‹à,"7,272",ŒˆŽZŠz
2021,‚»‚Ì‘¼Šî‹à,"1,326",ŒˆŽZŠz
2021,‡Œv,"21,872",ŒˆŽZŠz
2022,‚RƒVƒeƒBŠî‹à‚É—Þ‚·‚éŠî‹à,"15,777",ŒˆŽZŠz
2022,à­’²®Šî‹à,"6,498",ŒˆŽZŠz
2022,‚»‚Ì‘¼Šî‹à,"1,340",ŒˆŽZŠz
2022,‡Œv,"23,615",ŒˆŽZŠz
2023,‚RƒVƒeƒBŠî‹à‚É—Þ‚·‚éŠî‹à,"18,235",ŒˆŽZŠz
2023,à­’²®Šî‹à,"6,322",ŒˆŽZŠz
2023,‚»‚Ì‘¼Šî‹à,"1,380",ŒˆŽZŠz
2023,‡Œv,"25,938",ŒˆŽZŠz
2024,‚RƒVƒeƒBŠî‹à‚É—Þ‚·‚éŠî‹à,"16,673",ŒˆŽZŠz
2024,à­’²®Šî‹à,"7,158",ŒˆŽZŠz
2024,‚»‚Ì‘¼Šî‹à,"1,450",ŒˆŽZŠz
2024,‡Œv,"25,281",ŒˆŽZŠz
2025,‚RƒVƒeƒBŠî‹à‚É—Þ‚·‚éŠî‹à,"13,173",ÅI•â³Œã—\ŽZŠz
2025,à­’²®Šî‹à,"7,879",ÅI•â³Œã—\ŽZŠz
2025,‚»‚Ì‘¼Šî‹à,"1,118",ÅI•â³Œã—\ŽZŠz
2025,‡Œv,"22,170",ÅI•â³Œã—\ŽZŠz
2026,‚RƒVƒeƒBŠî‹à‚É—Þ‚·‚éŠî‹à,"5,417",“–‰—\ŽZŠz
2026,à­’²®Šî‹à,"8,085",“–‰—\ŽZŠz
2026,‚»‚Ì‘¼Šî‹à,"1,003",“–‰—\ŽZŠz
2026,‡Œv,"14,505",“–‰—\ŽZŠz
