年度,区分,区分2,基金名,区分3,金額（億円）
2026,３つのシティ実現に向けた基金,セーフ シティ,東京強靱化推進基金,2025年度末残高（最終補正後）,"3,257"
2026,３つのシティ実現に向けた基金,セーフ シティ,東京強靱化推進基金,2026年度積立額,0
2026,３つのシティ実現に向けた基金,セーフ シティ,東京強靱化推進基金,2026年度取崩額,"-2,652"
2026,３つのシティ実現に向けた基金,セーフ シティ,東京強靱化推進基金,2026年度末残高,635
2026,３つのシティ実現に向けた基金,セーフ シティ,＜端数調整＞,2025年度末残高（最終補正後）,0
2026,３つのシティ実現に向けた基金,セーフ シティ,＜端数調整＞,2026年度積立額,0
2026,３つのシティ実現に向けた基金,セーフ シティ,＜端数調整＞,2026年度取崩額,0
2026,３つのシティ実現に向けた基金,セーフ シティ,＜端数調整＞,2026年度末残高,0
2026,３つのシティ実現に向けた基金,スマート シティ,社会資本等整備基金,2025年度末残高（最終補正後）,"3,049"
2026,３つのシティ実現に向けた基金,スマート シティ,社会資本等整備基金,2026年度積立額,68
2026,３つのシティ実現に向けた基金,スマート シティ,社会資本等整備基金,2026年度取崩額,"-1,844"
2026,３つのシティ実現に向けた基金,スマート シティ,社会資本等整備基金,2026年度末残高,"1,305"
2026,３つのシティ実現に向けた基金,スマート シティ,鉄道新線建設等準備基金,2025年度末残高（最終補正後）,"1,811"
2026,３つのシティ実現に向けた基金,スマート シティ,鉄道新線建設等準備基金,2026年度積立額,57
2026,３つのシティ実現に向けた基金,スマート シティ,鉄道新線建設等準備基金,2026年度取崩額,-100
2026,３つのシティ実現に向けた基金,スマート シティ,鉄道新線建設等準備基金,2026年度末残高,"1,779"
2026,３つのシティ実現に向けた基金,スマート シティ,スマート東京推進基金,2025年度末残高（最終補正後）,724
2026,３つのシティ実現に向けた基金,スマート シティ,スマート東京推進基金,2026年度積立額,0
2026,３つのシティ実現に向けた基金,スマート シティ,スマート東京推進基金,2026年度取崩額,-723
2026,３つのシティ実現に向けた基金,スマート シティ,スマート東京推進基金,2026年度末残高,5
2026,３つのシティ実現に向けた基金,スマート シティ,緑あふれる東京基金,2025年度末残高（最終補正後）,145
2026,３つのシティ実現に向けた基金,スマート シティ,緑あふれる東京基金,2026年度積立額,0
2026,３つのシティ実現に向けた基金,スマート シティ,緑あふれる東京基金,2026年度取崩額,-35
2026,３つのシティ実現に向けた基金,スマート シティ,緑あふれる東京基金,2026年度末残高,111
2026,３つのシティ実現に向けた基金,スマート シティ,ゼロエミッション東京推進基金,2025年度末残高（最終補正後）,795
2026,３つのシティ実現に向けた基金,スマート シティ,ゼロエミッション東京推進基金,2026年度積立額,0
2026,３つのシティ実現に向けた基金,スマート シティ,ゼロエミッション東京推進基金,2026年度取崩額,-640
2026,３つのシティ実現に向けた基金,スマート シティ,ゼロエミッション東京推進基金,2026年度末残高,159
2026,３つのシティ実現に向けた基金,スマート シティ,新築建築物再生可能エネルギー設備設置等推進基金,2025年度末残高（最終補正後）,"1,061"
2026,３つのシティ実現に向けた基金,スマート シティ,新築建築物再生可能エネルギー設備設置等推進基金,2026年度積立額,0
2026,３つのシティ実現に向けた基金,スマート シティ,新築建築物再生可能エネルギー設備設置等推進基金,2026年度取崩額,-473
2026,３つのシティ実現に向けた基金,スマート シティ,新築建築物再生可能エネルギー設備設置等推進基金,2026年度末残高,594
2026,３つのシティ実現に向けた基金,スマート シティ,＜端数調整＞,2025年度末残高（最終補正後）,-1
2026,３つのシティ実現に向けた基金,スマート シティ,＜端数調整＞,2026年度積立額,0
2026,３つのシティ実現に向けた基金,スマート シティ,＜端数調整＞,2026年度取崩額,-1
2026,３つのシティ実現に向けた基金,スマート シティ,＜端数調整＞,2026年度末残高,0
2026,３つのシティ実現に向けた基金,ダイバーシティ,福祉先進都市実現基金,2025年度末残高（最終補正後）,"1,925"
2026,３つのシティ実現に向けた基金,ダイバーシティ,福祉先進都市実現基金,2026年度積立額,0
2026,３つのシティ実現に向けた基金,ダイバーシティ,福祉先進都市実現基金,2026年度取崩額,"-1,369"
2026,３つのシティ実現に向けた基金,ダイバーシティ,福祉先進都市実現基金,2026年度末残高,569
2026,３つのシティ実現に向けた基金,ダイバーシティ,＜端数調整＞,2025年度末残高（最終補正後）,0
2026,３つのシティ実現に向けた基金,ダイバーシティ,＜端数調整＞,2026年度積立額,0
2026,３つのシティ実現に向けた基金,ダイバーシティ,＜端数調整＞,2026年度取崩額,0
2026,３つのシティ実現に向けた基金,ダイバーシティ,＜端数調整＞,2026年度末残高,0
2026,３つのシティ実現に向けた基金,東京2020大会レガシー基金,東京2020大会レガシー基金,2025年度末残高（最終補正後）,406
2026,３つのシティ実現に向けた基金,東京2020大会レガシー基金,東京2020大会レガシー基金,2026年度積立額,0
2026,３つのシティ実現に向けた基金,東京2020大会レガシー基金,東京2020大会レガシー基金,2026年度取崩額,-151
2026,３つのシティ実現に向けた基金,東京2020大会レガシー基金,東京2020大会レガシー基金,2026年度末残高,260
2026,３つのシティ実現に向けた基金,＜端数調整＞,＜端数調整＞,2025年度末残高（最終補正後）,1
2026,３つのシティ実現に向けた基金,＜端数調整＞,＜端数調整＞,2026年度積立額,0
2026,３つのシティ実現に向けた基金,＜端数調整＞,＜端数調整＞,2026年度取崩額,-1
2026,３つのシティ実現に向けた基金,＜端数調整＞,＜端数調整＞,2026年度末残高,0
2026,国の交付金等により積み立てた基金,その他基金,その他基金,2025年度末残高（最終補正後）,"1,118"
2026,国の交付金等により積み立てた基金,その他基金,その他基金,2026年度積立額,267
2026,国の交付金等により積み立てた基金,その他基金,その他基金,2026年度取崩額,-392
2026,国の交付金等により積み立てた基金,その他基金,その他基金,2026年度末残高,"1,003"
2026,財政調整基金,財政調整基金,財政調整基金,2025年度末残高（最終補正後）,"7,879"
2026,財政調整基金,財政調整基金,財政調整基金,2026年度積立額,151
2026,財政調整基金,財政調整基金,財政調整基金,2026年度取崩額,0
2026,財政調整基金,財政調整基金,財政調整基金,2026年度末残高,"8,085"
2026,合計,合計,合計,2025年度末残高（最終補正後）,"22,170"
2026,合計,合計,合計,2026年度積立額,543
2026,合計,合計,合計,2026年度取崩額,"-8,381"
2026,合計,合計,合計,2026年度末残高,"14,505"
2025,３つのシティ実現に向けた基金,セーフ シティ,東京強靱化推進基金,2024年度末残高（決算）,"5,312"
2025,３つのシティ実現に向けた基金,セーフ シティ,東京強靱化推進基金,2025年度積立額,0
2025,３つのシティ実現に向けた基金,セーフ シティ,東京強靱化推進基金,2025年度取崩額,"-2,078"
2025,３つのシティ実現に向けた基金,セーフ シティ,東京強靱化推進基金,2025年度末残高,"3,257"
2025,３つのシティ実現に向けた基金,セーフ シティ,＜端数調整＞,2024年度末残高（決算）,0
2025,３つのシティ実現に向けた基金,セーフ シティ,＜端数調整＞,2025年度積立額,0
2025,３つのシティ実現に向けた基金,セーフ シティ,＜端数調整＞,2025年度取崩額,0
2025,３つのシティ実現に向けた基金,セーフ シティ,＜端数調整＞,2025年度末残高,0
2025,３つのシティ実現に向けた基金,スマート シティ,社会資本等整備基金,2024年度末残高（決算）,"3,972"
2025,３つのシティ実現に向けた基金,スマート シティ,社会資本等整備基金,2025年度積立額,65
2025,３つのシティ実現に向けた基金,スマート シティ,社会資本等整備基金,2025年度取崩額,"-1,010"
2025,３つのシティ実現に向けた基金,スマート シティ,社会資本等整備基金,2025年度末残高,"3,049"
2025,３つのシティ実現に向けた基金,スマート シティ,鉄道新線建設等準備基金,2024年度末残高（決算）,"1,770"
2025,３つのシティ実現に向けた基金,スマート シティ,鉄道新線建設等準備基金,2025年度積立額,83
2025,３つのシティ実現に向けた基金,スマート シティ,鉄道新線建設等準備基金,2025年度取崩額,-56
2025,３つのシティ実現に向けた基金,スマート シティ,鉄道新線建設等準備基金,2025年度末残高,"1,811"
2025,３つのシティ実現に向けた基金,スマート シティ,スマート東京推進基金,2024年度末残高（決算）,720
2025,３つのシティ実現に向けた基金,スマート シティ,スマート東京推進基金,2025年度積立額,0
2025,３つのシティ実現に向けた基金,スマート シティ,スマート東京推進基金,2025年度取崩額,0
2025,３つのシティ実現に向けた基金,スマート シティ,スマート東京推進基金,2025年度末残高,724
2025,３つのシティ実現に向けた基金,スマート シティ,緑あふれる東京基金,2024年度末残高（決算）,184
2025,３つのシティ実現に向けた基金,スマート シティ,緑あふれる東京基金,2025年度積立額,0
2025,３つのシティ実現に向けた基金,スマート シティ,緑あふれる東京基金,2025年度取崩額,-40
2025,３つのシティ実現に向けた基金,スマート シティ,緑あふれる東京基金,2025年度末残高,145
2025,３つのシティ実現に向けた基金,スマート シティ,ゼロエミッション東京推進基金,2024年度末残高（決算）,"1,029"
2025,３つのシティ実現に向けた基金,スマート シティ,ゼロエミッション東京推進基金,2025年度積立額,500
2025,３つのシティ実現に向けた基金,スマート シティ,ゼロエミッション東京推進基金,2025年度取崩額,-739
2025,３つのシティ実現に向けた基金,スマート シティ,ゼロエミッション東京推進基金,2025年度末残高,795
2025,３つのシティ実現に向けた基金,スマート シティ,新築建築物再生可能エネルギー設備設置等推進基金,2024年度末残高（決算）,"1,057"
2025,３つのシティ実現に向けた基金,スマート シティ,新築建築物再生可能エネルギー設備設置等推進基金,2025年度積立額,500
2025,３つのシティ実現に向けた基金,スマート シティ,新築建築物再生可能エネルギー設備設置等推進基金,2025年度取崩額,-502
2025,３つのシティ実現に向けた基金,スマート シティ,新築建築物再生可能エネルギー設備設置等推進基金,2025年度末残高,1061
2025,３つのシティ実現に向けた基金,スマート シティ,＜端数調整＞,2024年度末残高（決算）,-1
2025,３つのシティ実現に向けた基金,スマート シティ,＜端数調整＞,2025年度積立額,0
2025,３つのシティ実現に向けた基金,スマート シティ,＜端数調整＞,2025年度取崩額,0
2025,３つのシティ実現に向けた基金,スマート シティ,＜端数調整＞,2025年度末残高,-1
2025,３つのシティ実現に向けた基金,ダイバーシティ,福祉先進都市実現基金,2024年度末残高（決算）,"1,928"
2025,３つのシティ実現に向けた基金,ダイバーシティ,福祉先進都市実現基金,2025年度積立額,0
2025,３つのシティ実現に向けた基金,ダイバーシティ,福祉先進都市実現基金,2025年度取崩額,-14
2025,３つのシティ実現に向けた基金,ダイバーシティ,福祉先進都市実現基金,2025年度末残高,1925
2025,３つのシティ実現に向けた基金,ダイバーシティ,＜端数調整＞,2024年度末残高（決算）,0
2025,３つのシティ実現に向けた基金,ダイバーシティ,＜端数調整＞,2025年度積立額,0
2025,３つのシティ実現に向けた基金,ダイバーシティ,＜端数調整＞,2025年度取崩額,0
2025,３つのシティ実現に向けた基金,ダイバーシティ,＜端数調整＞,2025年度末残高,0
2025,３つのシティ実現に向けた基金,東京2020大会レガシー基金,東京2020大会レガシー基金,2024年度末残高（決算）,702
2025,３つのシティ実現に向けた基金,東京2020大会レガシー基金,東京2020大会レガシー基金,2025年度積立額,0
2025,３つのシティ実現に向けた基金,東京2020大会レガシー基金,東京2020大会レガシー基金,2025年度取崩額,-299
2025,３つのシティ実現に向けた基金,東京2020大会レガシー基金,東京2020大会レガシー基金,2025年度末残高,406
2025,３つのシティ実現に向けた基金,＜端数調整＞,＜端数調整＞,2024年度末残高（決算）,0
2025,３つのシティ実現に向けた基金,＜端数調整＞,＜端数調整＞,2025年度積立額,0
2025,３つのシティ実現に向けた基金,＜端数調整＞,＜端数調整＞,2025年度取崩額,-1
2025,３つのシティ実現に向けた基金,＜端数調整＞,＜端数調整＞,2025年度末残高,1
2025,国の交付金等により積み立てた基金,その他基金,その他基金,2024年度末残高（決算）,"1,450"
2025,国の交付金等により積み立てた基金,その他基金,その他基金,2025年度積立額,199
2025,国の交付金等により積み立てた基金,その他基金,その他基金,2025年度取崩額,-540
2025,国の交付金等により積み立てた基金,その他基金,その他基金,2025年度末残高,"1,118"
2025,財政調整基金,財政調整基金,財政調整基金,2024年度末残高（決算）,"7,158"
2025,財政調整基金,財政調整基金,財政調整基金,2025年度積立額,941
2025,財政調整基金,財政調整基金,財政調整基金,2025年度取崩額,-240
2025,財政調整基金,財政調整基金,財政調整基金,2025年度末残高,"7,879"
2025,合計,合計,合計,2024年度末残高（決算）,"25,281"
2025,合計,合計,合計,2025年度積立額,2288
2025,合計,合計,合計,2025年度取崩額,"-5,518"
2025,合計,合計,合計,2025年度末残高,"22,170"
2024,３つのシティ実現に向けた基金,セーフ シティ,東京強靱化推進基金,2023年度末残高（決算）,"4,500"
2024,３つのシティ実現に向けた基金,セーフ シティ,東京強靱化推進基金,2024年度積立額,812
2024,３つのシティ実現に向けた基金,セーフ シティ,東京強靱化推進基金,2024年度取崩額,0
2024,３つのシティ実現に向けた基金,セーフ シティ,東京強靱化推進基金,2024年度末残高,"5,312"
2024,３つのシティ実現に向けた基金,セーフ シティ,＜端数調整＞,2023年度末残高（決算）,0
2024,３つのシティ実現に向けた基金,セーフ シティ,＜端数調整＞,2024年度積立額,0
2024,３つのシティ実現に向けた基金,セーフ シティ,＜端数調整＞,2024年度取崩額,0
2024,３つのシティ実現に向けた基金,セーフ シティ,＜端数調整＞,2024年度末残高,0
2024,３つのシティ実現に向けた基金,スマート シティ,社会資本等整備基金,2023年度末残高（決算）,"5,017"
2024,３つのシティ実現に向けた基金,スマート シティ,社会資本等整備基金,2024年度積立額,74
2024,３つのシティ実現に向けた基金,スマート シティ,社会資本等整備基金,2024年度取崩額,"-1,120"
2024,３つのシティ実現に向けた基金,スマート シティ,社会資本等整備基金,2024年度末残高,"3,972"
2024,３つのシティ実現に向けた基金,スマート シティ,鉄道新線建設等準備基金,2023年度末残高（決算）,886
2024,３つのシティ実現に向けた基金,スマート シティ,鉄道新線建設等準備基金,2024年度積立額,899
2024,３つのシティ実現に向けた基金,スマート シティ,鉄道新線建設等準備基金,2024年度取崩額,-15
2024,３つのシティ実現に向けた基金,スマート シティ,鉄道新線建設等準備基金,2024年度末残高,"1,770"
2024,３つのシティ実現に向けた基金,スマート シティ,スマート東京推進基金,2023年度末残高（決算）,"1,231"
2024,３つのシティ実現に向けた基金,スマート シティ,スマート東京推進基金,2024年度積立額,0
2024,３つのシティ実現に向けた基金,スマート シティ,スマート東京推進基金,2024年度取崩額,-511
2024,３つのシティ実現に向けた基金,スマート シティ,スマート東京推進基金,2024年度末残高,720
2024,３つのシティ実現に向けた基金,スマート シティ,緑あふれる東京基金,2023年度末残高（決算）,248
2024,３つのシティ実現に向けた基金,スマート シティ,緑あふれる東京基金,2024年度積立額,0
2024,３つのシティ実現に向けた基金,スマート シティ,緑あふれる東京基金,2024年度取崩額,-65
2024,３つのシティ実現に向けた基金,スマート シティ,緑あふれる東京基金,2024年度末残高,184
2024,３つのシティ実現に向けた基金,スマート シティ,ゼロエミッション東京推進基金,2023年度末残高（決算）,"1,029"
2024,３つのシティ実現に向けた基金,スマート シティ,ゼロエミッション東京推進基金,2024年度積立額,0
2024,３つのシティ実現に向けた基金,スマート シティ,ゼロエミッション東京推進基金,2024年度取崩額,0
2024,３つのシティ実現に向けた基金,スマート シティ,ゼロエミッション東京推進基金,2024年度末残高,"1,029"
2024,３つのシティ実現に向けた基金,スマート シティ,新築建築物再生可能エネルギー設備設置等推進基金,2023年度末残高（決算）,"1,298"
2024,３つのシティ実現に向けた基金,スマート シティ,新築建築物再生可能エネルギー設備設置等推進基金,2024年度積立額,0
2024,３つのシティ実現に向けた基金,スマート シティ,新築建築物再生可能エネルギー設備設置等推進基金,2024年度取崩額,-241
2024,３つのシティ実現に向けた基金,スマート シティ,新築建築物再生可能エネルギー設備設置等推進基金,2024年度末残高,"1,057"
2024,３つのシティ実現に向けた基金,スマート シティ,＜端数調整＞,2023年度末残高（決算）,0
2024,３つのシティ実現に向けた基金,スマート シティ,＜端数調整＞,2024年度積立額,0
2024,３つのシティ実現に向けた基金,スマート シティ,＜端数調整＞,2024年度取崩額,0
2024,３つのシティ実現に向けた基金,スマート シティ,＜端数調整＞,2024年度末残高,0
2024,３つのシティ実現に向けた基金,ダイバーシティ,福祉先進都市実現基金,2023年度末残高（決算）,"2,950"
2024,３つのシティ実現に向けた基金,ダイバーシティ,福祉先進都市実現基金,2024年度積立額,1
2024,３つのシティ実現に向けた基金,ダイバーシティ,福祉先進都市実現基金,2024年度取崩額,"-1,022"
2024,３つのシティ実現に向けた基金,ダイバーシティ,福祉先進都市実現基金,2024年度末残高,"1,928"
2024,３つのシティ実現に向けた基金,ダイバーシティ,＜端数調整＞,2023年度末残高（決算）,0
2024,３つのシティ実現に向けた基金,ダイバーシティ,＜端数調整＞,2024年度積立額,0
2024,３つのシティ実現に向けた基金,ダイバーシティ,＜端数調整＞,2024年度取崩額,0
2024,３つのシティ実現に向けた基金,ダイバーシティ,＜端数調整＞,2024年度末残高,0
2024,３つのシティ実現に向けた基金,東京2020大会レガシー基金,東京2020大会レガシー基金,2023年度末残高（決算）,"1,076"
2024,３つのシティ実現に向けた基金,東京2020大会レガシー基金,東京2020大会レガシー基金,2024年度積立額,0
2024,３つのシティ実現に向けた基金,東京2020大会レガシー基金,東京2020大会レガシー基金,2024年度取崩額,-375
2024,３つのシティ実現に向けた基金,東京2020大会レガシー基金,東京2020大会レガシー基金,2024年度末残高,702
2024,３つのシティ実現に向けた基金,＜端数調整＞,＜端数調整＞,2023年度末残高（決算）,0
2024,３つのシティ実現に向けた基金,＜端数調整＞,＜端数調整＞,2024年度積立額,-1
2024,３つのシティ実現に向けた基金,＜端数調整＞,＜端数調整＞,2024年度取崩額,-1
2024,３つのシティ実現に向けた基金,＜端数調整＞,＜端数調整＞,2024年度末残高,-1
2024,国の交付金等により積み立てた基金,その他基金,その他基金,2023年度末残高（決算）,"1,380"
2024,国の交付金等により積み立てた基金,その他基金,その他基金,2024年度積立額,373
2024,国の交付金等により積み立てた基金,その他基金,その他基金,2024年度取崩額,-303
2024,国の交付金等により積み立てた基金,その他基金,その他基金,2024年度末残高,"1,450"
2024,財政調整基金,財政調整基金,財政調整基金,2023年度末残高（決算）,"6,322"
2024,財政調整基金,財政調整基金,財政調整基金,2024年度積立額,833
2024,財政調整基金,財政調整基金,財政調整基金,2024年度取崩額,0
2024,財政調整基金,財政調整基金,財政調整基金,2024年度末残高,"7,158"
2024,合計,合計,合計,2023年度末残高（決算）,"25,938"
2024,合計,合計,合計,2024年度積立額,"2,991"
2024,合計,合計,合計,2024年度取崩額,"-3,653"
2024,合計,合計,合計,2024年度末残高,"25,281"
2023,３つのシティ実現に向けた基金,セーフ シティ,東京強靱化推進基金,2022年度末残高（決算）,"3,000"
2023,３つのシティ実現に向けた基金,セーフ シティ,東京強靱化推進基金,2023年度積立額,"1,500"
2023,３つのシティ実現に向けた基金,セーフ シティ,東京強靱化推進基金,2023年度取崩額,"-1,200"
2023,３つのシティ実現に向けた基金,セーフ シティ,東京強靱化推進基金,2023年度末残高,"3,300"
2023,３つのシティ実現に向けた基金,セーフ シティ,＜端数調整＞,2022年度末残高（決算）,0
2023,３つのシティ実現に向けた基金,セーフ シティ,＜端数調整＞,2023年度積立額,0
2023,３つのシティ実現に向けた基金,セーフ シティ,＜端数調整＞,2023年度取崩額,0
2023,３つのシティ実現に向けた基金,セーフ シティ,＜端数調整＞,2023年度末残高,0
2023,３つのシティ実現に向けた基金,スマート シティ,社会資本等整備基金,2022年度末残高（決算）,"4,978"
2023,３つのシティ実現に向けた基金,スマート シティ,社会資本等整備基金,2023年度積立額,75
2023,３つのシティ実現に向けた基金,スマート シティ,社会資本等整備基金,2023年度取崩額,"-1,159"
2023,３つのシティ実現に向けた基金,スマート シティ,社会資本等整備基金,2023年度末残高,"3,895"
2023,３つのシティ実現に向けた基金,スマート シティ,鉄道新線建設等準備基金,2022年度末残高（決算）,840
2023,３つのシティ実現に向けた基金,スマート シティ,鉄道新線建設等準備基金,2023年度積立額,54
2023,３つのシティ実現に向けた基金,スマート シティ,鉄道新線建設等準備基金,2023年度取崩額,-10
2023,３つのシティ実現に向けた基金,スマート シティ,鉄道新線建設等準備基金,2023年度末残高,885
2023,３つのシティ実現に向けた基金,スマート シティ,スマート東京推進基金,2022年度末残高（決算）,448
2023,３つのシティ実現に向けた基金,スマート シティ,スマート東京推進基金,2023年度積立額,"1,000"
2023,３つのシティ実現に向けた基金,スマート シティ,スマート東京推進基金,2023年度取崩額,-233
2023,３つのシティ実現に向けた基金,スマート シティ,スマート東京推進基金,2023年度末残高,"1,215"
2023,３つのシティ実現に向けた基金,スマート シティ,緑あふれる東京基金,2022年度末残高（決算）,278
2023,３つのシティ実現に向けた基金,スマート シティ,緑あふれる東京基金,2023年度積立額,0
2023,３つのシティ実現に向けた基金,スマート シティ,緑あふれる東京基金,2023年度取崩額,-44
2023,３つのシティ実現に向けた基金,スマート シティ,緑あふれる東京基金,2023年度末残高,234
2023,３つのシティ実現に向けた基金,スマート シティ,ゼロエミッション東京推進基金,2022年度末残高（決算）,296
2023,３つのシティ実現に向けた基金,スマート シティ,ゼロエミッション東京推進基金,2023年度積立額,"1,000"
2023,３つのシティ実現に向けた基金,スマート シティ,ゼロエミッション東京推進基金,2023年度取崩額,-272
2023,３つのシティ実現に向けた基金,スマート シティ,ゼロエミッション東京推進基金,2023年度末残高,"1,024"
2023,３つのシティ実現に向けた基金,スマート シティ,新築建築物再生可能エネルギー設備設置等推進基金,2022年度末残高（決算）,"1,500"
2023,３つのシティ実現に向けた基金,スマート シティ,新築建築物再生可能エネルギー設備設置等推進基金,2023年度積立額,0
2023,３つのシティ実現に向けた基金,スマート シティ,新築建築物再生可能エネルギー設備設置等推進基金,2023年度取崩額,-202
2023,３つのシティ実現に向けた基金,スマート シティ,新築建築物再生可能エネルギー設備設置等推進基金,2023年度末残高,"1,298"
2023,３つのシティ実現に向けた基金,スマート シティ,＜端数調整＞,2022年度末残高（決算）,0
2023,３つのシティ実現に向けた基金,スマート シティ,＜端数調整＞,2023年度積立額,0
2023,３つのシティ実現に向けた基金,スマート シティ,＜端数調整＞,2023年度取崩額,1
2023,３つのシティ実現に向けた基金,スマート シティ,＜端数調整＞,2023年度末残高,0
2023,３つのシティ実現に向けた基金,ダイバーシティ,福祉先進都市実現基金,2022年度末残高（決算）,"2,949"
2023,３つのシティ実現に向けた基金,ダイバーシティ,福祉先進都市実現基金,2023年度積立額,0
2023,３つのシティ実現に向けた基金,ダイバーシティ,福祉先進都市実現基金,2023年度取崩額,-652
2023,３つのシティ実現に向けた基金,ダイバーシティ,福祉先進都市実現基金,2023年度末残高,"2,297"
2023,３つのシティ実現に向けた基金,ダイバーシティ,＜端数調整＞,2022年度末残高（決算）,0
2023,３つのシティ実現に向けた基金,ダイバーシティ,＜端数調整＞,2023年度積立額,0
2023,３つのシティ実現に向けた基金,ダイバーシティ,＜端数調整＞,2023年度取崩額,0
2023,３つのシティ実現に向けた基金,ダイバーシティ,＜端数調整＞,2023年度末残高,0
2023,３つのシティ実現に向けた基金,東京2020大会レガシー基金（仮称）,東京2020大会レガシー基金,2022年度末残高（決算）,"1,489"
2023,３つのシティ実現に向けた基金,東京2020大会レガシー基金（仮称）,東京2020大会レガシー基金,2023年度積立額,0
2023,３つのシティ実現に向けた基金,東京2020大会レガシー基金（仮称）,東京2020大会レガシー基金,2023年度取崩額,-498
2023,３つのシティ実現に向けた基金,東京2020大会レガシー基金（仮称）,東京2020大会レガシー基金,2023年度末残高,991
2023,３つのシティ実現に向けた基金,＜端数調整＞,＜端数調整＞,2022年度末残高（決算）,-1
2023,３つのシティ実現に向けた基金,＜端数調整＞,＜端数調整＞,2023年度積立額,0
2023,３つのシティ実現に向けた基金,＜端数調整＞,＜端数調整＞,2023年度取崩額,0
2023,３つのシティ実現に向けた基金,＜端数調整＞,＜端数調整＞,2023年度末残高,0
2023,国の交付金等により積み立てた基金,その他基金,その他基金,2022年度末残高（決算）,"1,340"
2023,国の交付金等により積み立てた基金,その他基金,その他基金,2023年度積立額,283
2023,国の交付金等により積み立てた基金,その他基金,その他基金,2023年度取崩額,-259
2023,国の交付金等により積み立てた基金,その他基金,その他基金,2023年度末残高,"1,364"
2023,財政調整基金,財政調整基金,財政調整基金,2022年度末残高（決算）,"6,498"
2023,財政調整基金,財政調整基金,財政調整基金,2023年度積立額,486
2023,財政調整基金,財政調整基金,財政調整基金,2023年度取崩額,-984
2023,財政調整基金,財政調整基金,財政調整基金,2023年度末残高,"6,001"
2023,合計,合計,合計,2022年度末残高（決算）,"23,615"
2023,合計,合計,合計,2023年度積立額,"4,398"
2023,合計,合計,合計,2023年度取崩額,"-5,512"
2023,合計,合計,合計,2023年度末残高,"22,505"
2022,３つのシティ実現に向けた基金,セーフ シティ,防災街づくり基金,2020年度末残高（決算）,"2,304"
2022,３つのシティ実現に向けた基金,セーフ シティ,防災街づくり基金,2021年度末残高（決算）,"2,304"
2022,３つのシティ実現に向けた基金,セーフ シティ,防災街づくり基金,2022年度積立額,0
2022,３つのシティ実現に向けた基金,セーフ シティ,防災街づくり基金,2022年度取崩額,"-2,305"
2022,３つのシティ実現に向けた基金,セーフ シティ,防災街づくり基金,2022年度末残高,0
2022,３つのシティ実現に向けた基金,セーフ シティ,無電柱化推進基金,2020年度末残高（決算）,297
2022,３つのシティ実現に向けた基金,セーフ シティ,無電柱化推進基金,2021年度末残高（決算）,298
2022,３つのシティ実現に向けた基金,セーフ シティ,無電柱化推進基金,2022年度積立額,0
2022,３つのシティ実現に向けた基金,セーフ シティ,無電柱化推進基金,2022年度取崩額,-298
2022,３つのシティ実現に向けた基金,セーフ シティ,無電柱化推進基金,2022年度末残高,0
2022,３つのシティ実現に向けた基金,セーフ シティ,東京強靱化推進基金（仮称）,2020年度末残高（決算）,0
2022,３つのシティ実現に向けた基金,セーフ シティ,東京強靱化推進基金（仮称）,2021年度末残高（決算）,0
2022,３つのシティ実現に向けた基金,セーフ シティ,東京強靱化推進基金（仮称）,2022年度積立額,"3,000"
2022,３つのシティ実現に向けた基金,セーフ シティ,東京強靱化推進基金（仮称）,2022年度取崩額,0
2022,３つのシティ実現に向けた基金,セーフ シティ,東京強靱化推進基金（仮称）,2022年度末残高,"3,000"
2022,３つのシティ実現に向けた基金,セーフ シティ,＜端数調整＞,2020年度末残高（決算）,0
2022,３つのシティ実現に向けた基金,セーフ シティ,＜端数調整＞,2021年度末残高（決算）,0
2022,３つのシティ実現に向けた基金,セーフ シティ,＜端数調整＞,2022年度積立額,0
2022,３つのシティ実現に向けた基金,セーフ シティ,＜端数調整＞,2022年度取崩額,1
2022,３つのシティ実現に向けた基金,セーフ シティ,＜端数調整＞,2022年度末残高,0
2022,３つのシティ実現に向けた基金,スマート シティ,社会資本等整備基金,2020年度末残高（決算）,"4,865"
2022,３つのシティ実現に向けた基金,スマート シティ,社会資本等整備基金,2021年度末残高（決算）,"4,885"
2022,３つのシティ実現に向けた基金,スマート シティ,社会資本等整備基金,2022年度積立額,118
2022,３つのシティ実現に向けた基金,スマート シティ,社会資本等整備基金,2022年度取崩額,-603
2022,３つのシティ実現に向けた基金,スマート シティ,社会資本等整備基金,2022年度末残高,"4,401"
2022,３つのシティ実現に向けた基金,スマート シティ,芸術文化振興基金,2020年度末残高（決算）,21
2022,３つのシティ実現に向けた基金,スマート シティ,芸術文化振興基金,2021年度末残高（決算）,21
2022,３つのシティ実現に向けた基金,スマート シティ,芸術文化振興基金,2022年度積立額,0
2022,３つのシティ実現に向けた基金,スマート シティ,芸術文化振興基金,2022年度取崩額,-21
2022,３つのシティ実現に向けた基金,スマート シティ,芸術文化振興基金,2022年度末残高,0
2022,３つのシティ実現に向けた基金,スマート シティ,おもてなし・観光基金,2020年度末残高（決算）,29
2022,３つのシティ実現に向けた基金,スマート シティ,おもてなし・観光基金,2021年度末残高（決算）,29
2022,３つのシティ実現に向けた基金,スマート シティ,おもてなし・観光基金,2022年度積立額,0
2022,３つのシティ実現に向けた基金,スマート シティ,おもてなし・観光基金,2022年度取崩額,-29
2022,３つのシティ実現に向けた基金,スマート シティ,おもてなし・観光基金,2022年度末残高,0
2022,３つのシティ実現に向けた基金,スマート シティ,鉄道新線建設等準備基金,2020年度末残高（決算）,760
2022,３つのシティ実現に向けた基金,スマート シティ,鉄道新線建設等準備基金,2021年度末残高（決算）,802
2022,３つのシティ実現に向けた基金,スマート シティ,鉄道新線建設等準備基金,2022年度積立額,43
2022,３つのシティ実現に向けた基金,スマート シティ,鉄道新線建設等準備基金,2022年度取崩額,-8
2022,３つのシティ実現に向けた基金,スマート シティ,鉄道新線建設等準備基金,2022年度末残高,838
2022,３つのシティ実現に向けた基金,スマート シティ,スマート東京推進基金,2020年度末残高（決算）,448
2022,３つのシティ実現に向けた基金,スマート シティ,スマート東京推進基金,2021年度末残高（決算）,448
2022,３つのシティ実現に向けた基金,スマート シティ,スマート東京推進基金,2022年度積立額,0
2022,３つのシティ実現に向けた基金,スマート シティ,スマート東京推進基金,2022年度取崩額,0
2022,３つのシティ実現に向けた基金,スマート シティ,スマート東京推進基金,2022年度末残高,448
2022,３つのシティ実現に向けた基金,スマート シティ,緑あふれる東京基金,2020年度末残高（決算）,300
2022,３つのシティ実現に向けた基金,スマート シティ,緑あふれる東京基金,2021年度末残高（決算）,278
2022,３つのシティ実現に向けた基金,スマート シティ,緑あふれる東京基金,2022年度積立額,0
2022,３つのシティ実現に向けた基金,スマート シティ,緑あふれる東京基金,2022年度取崩額,-34
2022,３つのシティ実現に向けた基金,スマート シティ,緑あふれる東京基金,2022年度末残高,244
2022,３つのシティ実現に向けた基金,スマート シティ,ゼロエミッション東京推進基金,2020年度末残高（決算）,295
2022,３つのシティ実現に向けた基金,スマート シティ,ゼロエミッション東京推進基金,2021年度末残高（決算）,295
2022,３つのシティ実現に向けた基金,スマート シティ,ゼロエミッション東京推進基金,2022年度積立額,0
2022,３つのシティ実現に向けた基金,スマート シティ,ゼロエミッション東京推進基金,2022年度取崩額,0
2022,３つのシティ実現に向けた基金,スマート シティ,ゼロエミッション東京推進基金,2022年度末残高,296
2022,３つのシティ実現に向けた基金,スマート シティ,新築建築物再生可能エネルギー設備設置等推進基金（仮称）,2020年度末残高（決算）,0
2022,３つのシティ実現に向けた基金,スマート シティ,新築建築物再生可能エネルギー設備設置等推進基金（仮称）,2021年度末残高（決算）,0
2022,３つのシティ実現に向けた基金,スマート シティ,新築建築物再生可能エネルギー設備設置等推進基金（仮称）,2022年度積立額,"1,500"
2022,３つのシティ実現に向けた基金,スマート シティ,新築建築物再生可能エネルギー設備設置等推進基金（仮称）,2022年度取崩額,0
2022,３つのシティ実現に向けた基金,スマート シティ,新築建築物再生可能エネルギー設備設置等推進基金（仮称）,2022年度末残高,"1,500"
2022,３つのシティ実現に向けた基金,スマート シティ,＜端数調整＞,2020年度末残高（決算）,1
2022,３つのシティ実現に向けた基金,スマート シティ,＜端数調整＞,2021年度末残高（決算）,0
2022,３つのシティ実現に向けた基金,スマート シティ,＜端数調整＞,2022年度積立額,1
2022,３つのシティ実現に向けた基金,スマート シティ,＜端数調整＞,2022年度取崩額,1
2022,３つのシティ実現に向けた基金,スマート シティ,＜端数調整＞,2022年度末残高,0
2022,３つのシティ実現に向けた基金,ダイバーシティ,人に優しく快適な街づくり基金,2020年度末残高（決算）,143
2022,３つのシティ実現に向けた基金,ダイバーシティ,人に優しく快適な街づくり基金,2021年度末残高（決算）,143
2022,３つのシティ実現に向けた基金,ダイバーシティ,人に優しく快適な街づくり基金,2022年度積立額,0
2022,３つのシティ実現に向けた基金,ダイバーシティ,人に優しく快適な街づくり基金,2022年度取崩額,-143
2022,３つのシティ実現に向けた基金,ダイバーシティ,人に優しく快適な街づくり基金,2022年度末残高,0
2022,３つのシティ実現に向けた基金,ダイバーシティ,福祉先進都市実現基金,2020年度末残高（決算）,"1,947"
2022,３つのシティ実現に向けた基金,ダイバーシティ,福祉先進都市実現基金,2021年度末残高（決算）,"1,948"
2022,３つのシティ実現に向けた基金,ダイバーシティ,福祉先進都市実現基金,2022年度積立額,"1,000"
2022,３つのシティ実現に向けた基金,ダイバーシティ,福祉先進都市実現基金,2022年度取崩額,-660
2022,３つのシティ実現に向けた基金,ダイバーシティ,福祉先進都市実現基金,2022年度末残高,"2,288"
2022,３つのシティ実現に向けた基金,ダイバーシティ,障害者スポーツ振興基金,2020年度末残高（決算）,42
2022,３つのシティ実現に向けた基金,ダイバーシティ,障害者スポーツ振興基金,2021年度末残高（決算）,42
2022,３つのシティ実現に向けた基金,ダイバーシティ,障害者スポーツ振興基金,2022年度積立額,0
2022,３つのシティ実現に向けた基金,ダイバーシティ,障害者スポーツ振興基金,2022年度取崩額,-42
2022,３つのシティ実現に向けた基金,ダイバーシティ,障害者スポーツ振興基金,2022年度末残高,0
2022,３つのシティ実現に向けた基金,ダイバーシティ,＜端数調整＞,2020年度末残高（決算）,0
2022,３つのシティ実現に向けた基金,ダイバーシティ,＜端数調整＞,2021年度末残高（決算）,0
2022,３つのシティ実現に向けた基金,ダイバーシティ,＜端数調整＞,2022年度積立額,0
2022,３つのシティ実現に向けた基金,ダイバーシティ,＜端数調整＞,2022年度取崩額,0
2022,３つのシティ実現に向けた基金,ダイバーシティ,＜端数調整＞,2022年度末残高,0
2022,３つのシティ実現に向けた基金,東京オリンピック・パラリンピック開催準備基金,東京オリンピック・パラリンピック開催準備基金,2020年度末残高（決算）,"4,290"
2022,３つのシティ実現に向けた基金,東京オリンピック・パラリンピック開催準備基金,東京オリンピック・パラリンピック開催準備基金,2021年度末残高（決算）,"1,780"
2022,３つのシティ実現に向けた基金,東京オリンピック・パラリンピック開催準備基金,東京オリンピック・パラリンピック開催準備基金,2022年度積立額,4
2022,３つのシティ実現に向けた基金,東京オリンピック・パラリンピック開催準備基金,東京オリンピック・パラリンピック開催準備基金,2022年度取崩額,"-1,785"
2022,３つのシティ実現に向けた基金,東京オリンピック・パラリンピック開催準備基金,東京オリンピック・パラリンピック開催準備基金,2022年度末残高,0
2022,３つのシティ実現に向けた基金,東京2020大会レガシー基金（仮称）,東京2020大会レガシー基金（仮称）,2020年度末残高（決算）,0
2022,３つのシティ実現に向けた基金,東京2020大会レガシー基金（仮称）,東京2020大会レガシー基金（仮称）,2021年度末残高（決算）,0
2022,３つのシティ実現に向けた基金,東京2020大会レガシー基金（仮称）,東京2020大会レガシー基金（仮称）,2022年度積立額,"1,485"
2022,３つのシティ実現に向けた基金,東京2020大会レガシー基金（仮称）,東京2020大会レガシー基金（仮称）,2022年度取崩額,0
2022,３つのシティ実現に向けた基金,東京2020大会レガシー基金（仮称）,東京2020大会レガシー基金（仮称）,2022年度末残高,"1,485"
2022,３つのシティ実現に向けた基金,＜端数調整＞,＜端数調整＞,2020年度末残高（決算）,1
2022,３つのシティ実現に向けた基金,＜端数調整＞,＜端数調整＞,2021年度末残高（決算）,0
2022,３つのシティ実現に向けた基金,＜端数調整＞,＜端数調整＞,2022年度積立額,0
2022,３つのシティ実現に向けた基金,＜端数調整＞,＜端数調整＞,2022年度取崩額,0
2022,３つのシティ実現に向けた基金,＜端数調整＞,＜端数調整＞,2022年度末残高,0
2022,国の交付金等により積み立てた基金,その他基金,その他基金,2020年度末残高（決算）,"1,348"
2022,国の交付金等により積み立てた基金,その他基金,その他基金,2021年度末残高（決算）,"1,326"
2022,国の交付金等により積み立てた基金,その他基金,その他基金,2022年度積立額,332
2022,国の交付金等により積み立てた基金,その他基金,その他基金,2022年度取崩額,-288
2022,国の交付金等により積み立てた基金,その他基金,その他基金,2022年度末残高,"1,371"
2022,財政調整基金,財政調整基金,財政調整基金,2020年度末残高（決算）,"5,327"
2022,財政調整基金,財政調整基金,財政調整基金,2021年度末残高（決算）,"7,272"
2022,財政調整基金,財政調整基金,財政調整基金,2022年度積立額,"2,041"
2022,財政調整基金,財政調整基金,財政調整基金,2022年度取崩額,"-3,650"
2022,財政調整基金,財政調整基金,財政調整基金,2022年度末残高,"5,664"
2022,合計,合計,合計,2020年度末残高（決算）,"22,417"
2022,合計,合計,合計,2021年度末残高（決算）,"21,872"
2022,合計,合計,合計,2022年度積立額,"9,524"
2022,合計,合計,合計,2022年度取崩額,"-9,865"
2022,合計,合計,合計,2022年度末残高,"21,534"
2021,３つのシティ実現に向けた基金,セーフ シティ,防災街づくり基金,2019年度末残高（決算）,"2,304"
2021,３つのシティ実現に向けた基金,セーフ シティ,防災街づくり基金,2020年度末残高（決算）,"2,304"
2021,３つのシティ実現に向けた基金,セーフ シティ,防災街づくり基金,2021年度取崩額,0
2021,３つのシティ実現に向けた基金,セーフ シティ,防災街づくり基金,2021年度末残高,"2,304"
2021,３つのシティ実現に向けた基金,セーフ シティ,無電柱化推進基金,2019年度末残高（決算）,405
2021,３つのシティ実現に向けた基金,セーフ シティ,無電柱化推進基金,2020年度末残高（決算）,297
2021,３つのシティ実現に向けた基金,セーフ シティ,無電柱化推進基金,2021年度取崩額,-111
2021,３つのシティ実現に向けた基金,セーフ シティ,無電柱化推進基金,2021年度末残高,187
2021,３つのシティ実現に向けた基金,セーフ シティ,＜端数調整＞,2019年度末残高（決算）,0
2021,３つのシティ実現に向けた基金,セーフ シティ,＜端数調整＞,2020年度末残高（決算）,1
2021,３つのシティ実現に向けた基金,セーフ シティ,＜端数調整＞,2021年度取崩額,0
2021,３つのシティ実現に向けた基金,セーフ シティ,＜端数調整＞,2021年度末残高,0
2021,３つのシティ実現に向けた基金,スマート シティ,社会資本等整備基金,2019年度末残高（決算）,"5,712"
2021,３つのシティ実現に向けた基金,スマート シティ,社会資本等整備基金,2020年度末残高（決算）,"4,865"
2021,３つのシティ実現に向けた基金,スマート シティ,社会資本等整備基金,2021年度取崩額,-5
2021,３つのシティ実現に向けた基金,スマート シティ,社会資本等整備基金,2021年度末残高,"4,894"
2021,３つのシティ実現に向けた基金,スマート シティ,芸術文化振興基金,2019年度末残高（決算）,28
2021,３つのシティ実現に向けた基金,スマート シティ,芸術文化振興基金,2020年度末残高（決算）,21
2021,３つのシティ実現に向けた基金,スマート シティ,芸術文化振興基金,2021年度取崩額,-5
2021,３つのシティ実現に向けた基金,スマート シティ,芸術文化振興基金,2021年度末残高,16
2021,３つのシティ実現に向けた基金,スマート シティ,おもてなし・観光基金,2019年度末残高（決算）,53
2021,３つのシティ実現に向けた基金,スマート シティ,おもてなし・観光基金,2020年度末残高（決算）,29
2021,３つのシティ実現に向けた基金,スマート シティ,おもてなし・観光基金,2021年度取崩額,-14
2021,３つのシティ実現に向けた基金,スマート シティ,おもてなし・観光基金,2021年度末残高,15
2021,３つのシティ実現に向けた基金,スマート シティ,鉄道新線建設等準備基金,2019年度末残高（決算）,691
2021,３つのシティ実現に向けた基金,スマート シティ,鉄道新線建設等準備基金,2020年度末残高（決算）,760
2021,３つのシティ実現に向けた基金,スマート シティ,鉄道新線建設等準備基金,2021年度取崩額,-2
2021,３つのシティ実現に向けた基金,スマート シティ,鉄道新線建設等準備基金,2021年度末残高,802
2021,３つのシティ実現に向けた基金,スマート シティ,スマート東京推進基金,2019年度末残高（決算）,500
2021,３つのシティ実現に向けた基金,スマート シティ,スマート東京推進基金,2020年度末残高（決算）,448
2021,３つのシティ実現に向けた基金,スマート シティ,スマート東京推進基金,2021年度取崩額,-230
2021,３つのシティ実現に向けた基金,スマート シティ,スマート東京推進基金,2021年度末残高,218
2021,３つのシティ実現に向けた基金,スマート シティ,緑あふれる東京基金,2019年度末残高（決算）,300
2021,３つのシティ実現に向けた基金,スマート シティ,緑あふれる東京基金,2020年度末残高（決算）,300
2021,３つのシティ実現に向けた基金,スマート シティ,緑あふれる東京基金,2021年度取崩額,-22
2021,３つのシティ実現に向けた基金,スマート シティ,緑あふれる東京基金,2021年度末残高,278
2021,３つのシティ実現に向けた基金,スマート シティ,ゼロエミッション東京推進基金,2019年度末残高（決算）,300
2021,３つのシティ実現に向けた基金,スマート シティ,ゼロエミッション東京推進基金,2020年度末残高（決算）,295
2021,３つのシティ実現に向けた基金,スマート シティ,ゼロエミッション東京推進基金,2021年度取崩額,-193
2021,３つのシティ実現に向けた基金,スマート シティ,ゼロエミッション東京推進基金,2021年度末残高,103
2021,３つのシティ実現に向けた基金,スマート シティ,＜端数調整＞,2019年度末残高（決算）,0
2021,３つのシティ実現に向けた基金,スマート シティ,＜端数調整＞,2020年度末残高（決算）,1
2021,３つのシティ実現に向けた基金,スマート シティ,＜端数調整＞,2021年度取崩額,0
2021,３つのシティ実現に向けた基金,スマート シティ,＜端数調整＞,2021年度末残高,-2
2021,３つのシティ実現に向けた基金,ダイバーシティ,福祉・健康安心基金,2019年度末残高（決算）,43
2021,３つのシティ実現に向けた基金,ダイバーシティ,福祉・健康安心基金,2020年度末残高（決算）,0
2021,３つのシティ実現に向けた基金,ダイバーシティ,福祉・健康安心基金,2021年度取崩額,0
2021,３つのシティ実現に向けた基金,ダイバーシティ,福祉・健康安心基金,2021年度末残高,0
2021,３つのシティ実現に向けた基金,ダイバーシティ,人に優しく快適な街づくり基金,2019年度末残高（決算）,143
2021,３つのシティ実現に向けた基金,ダイバーシティ,人に優しく快適な街づくり基金,2020年度末残高（決算）,143
2021,３つのシティ実現に向けた基金,ダイバーシティ,人に優しく快適な街づくり基金,2021年度取崩額,-31
2021,３つのシティ実現に向けた基金,ダイバーシティ,人に優しく快適な街づくり基金,2021年度末残高,112
2021,３つのシティ実現に向けた基金,ダイバーシティ,福祉先進都市実現基金,2019年度末残高（決算）,"1,946"
2021,３つのシティ実現に向けた基金,ダイバーシティ,福祉先進都市実現基金,2020年度末残高（決算）,"1,947"
2021,３つのシティ実現に向けた基金,ダイバーシティ,福祉先進都市実現基金,2021年度取崩額,-597
2021,３つのシティ実現に向けた基金,ダイバーシティ,福祉先進都市実現基金,2021年度末残高,"1,350"
2021,３つのシティ実現に向けた基金,ダイバーシティ,障害者スポーツ振興基金,2019年度末残高（決算）,56
2021,３つのシティ実現に向けた基金,ダイバーシティ,障害者スポーツ振興基金,2020年度末残高（決算）,42
2021,３つのシティ実現に向けた基金,ダイバーシティ,障害者スポーツ振興基金,2021年度取崩額,-24
2021,３つのシティ実現に向けた基金,ダイバーシティ,障害者スポーツ振興基金,2021年度末残高,17
2021,３つのシティ実現に向けた基金,ダイバーシティ,＜端数調整＞,2019年度末残高（決算）,0
2021,３つのシティ実現に向けた基金,ダイバーシティ,＜端数調整＞,2020年度末残高（決算）,0
2021,３つのシティ実現に向けた基金,ダイバーシティ,＜端数調整＞,2021年度取崩額,0
2021,３つのシティ実現に向けた基金,ダイバーシティ,＜端数調整＞,2021年度末残高,0
2021,３つのシティ実現に向けた基金,東京オリンピック・パラリンピック開催準備基金,東京オリンピック・パラリンピック開催準備基金,2019年度末残高（決算）,"3,075"
2021,３つのシティ実現に向けた基金,東京オリンピック・パラリンピック開催準備基金,東京オリンピック・パラリンピック開催準備基金,2020年度末残高（決算）,"4,290"
2021,３つのシティ実現に向けた基金,東京オリンピック・パラリンピック開催準備基金,東京オリンピック・パラリンピック開催準備基金,2021年度取崩額,"-3,740"
2021,３つのシティ実現に向けた基金,東京オリンピック・パラリンピック開催準備基金,東京オリンピック・パラリンピック開催準備基金,2021年度末残高,374
2021,３つのシティ実現に向けた基金,＜端数調整＞,＜端数調整＞,2019年度末残高（決算）,0
2021,３つのシティ実現に向けた基金,＜端数調整＞,＜端数調整＞,2020年度末残高（決算）,-1
2021,３つのシティ実現に向けた基金,＜端数調整＞,＜端数調整＞,2021年度取崩額,0
2021,３つのシティ実現に向けた基金,＜端数調整＞,＜端数調整＞,2021年度末残高,1
2021,国の交付金等により積み立てた基金,その他基金,その他基金,2019年度末残高（決算）,"1,366"
2021,国の交付金等により積み立てた基金,その他基金,その他基金,2020年度末残高（決算）,"1,348"
2021,国の交付金等により積み立てた基金,その他基金,その他基金,2021年度取崩額,-322
2021,国の交付金等により積み立てた基金,その他基金,その他基金,2021年度末残高,"1,314"
2021,財政調整基金,財政調整基金,財政調整基金,2019年度末残高（決算）,"9,345"
2021,財政調整基金,財政調整基金,財政調整基金,2020年度末残高（決算）,"5,327"
2021,財政調整基金,財政調整基金,財政調整基金,2021年度取崩額,"-3,751"
2021,財政調整基金,財政調整基金,財政調整基金,2021年度末残高,"3,521"
2021,合計,合計,合計,2019年度末残高（決算）,"26,267"
2021,合計,合計,合計,2020年度末残高（決算）,"22,417"
2021,合計,合計,合計,2021年度取崩額,"-9,047"
2021,合計,合計,合計,2021年度末残高,"15,505"
2020,３つのシティ実現に向けた基金,セーフ シティ,防災街づくり基金,2019年度最終補正後残高,"2,149"
2020,３つのシティ実現に向けた基金,セーフ シティ,防災街づくり基金,2020年度取崩額（当初）,-986
2020,３つのシティ実現に向けた基金,セーフ シティ,防災街づくり基金,2020年度末残高（当初）,"1,163"
2020,３つのシティ実現に向けた基金,セーフ シティ,無電柱化推進基金,2019年度最終補正後残高,373
2020,３つのシティ実現に向けた基金,セーフ シティ,無電柱化推進基金,2020年度取崩額（当初）,-163
2020,３つのシティ実現に向けた基金,セーフ シティ,無電柱化推進基金,2020年度末残高（当初）,210
2020,３つのシティ実現に向けた基金,セーフ シティ,＜端数調整＞,2019年度最終補正後残高,0
2020,３つのシティ実現に向けた基金,セーフ シティ,＜端数調整＞,2020年度取崩額（当初）,0
2020,３つのシティ実現に向けた基金,セーフ シティ,＜端数調整＞,2020年度末残高（当初）,0
2020,３つのシティ実現に向けた基金,スマート シティ,社会資本等整備基金,2019年度最終補正後残高,"5,122"
2020,３つのシティ実現に向けた基金,スマート シティ,社会資本等整備基金,2020年度取崩額（当初）,"-2,547"
2020,３つのシティ実現に向けた基金,スマート シティ,社会資本等整備基金,2020年度末残高（当初）,"2,611"
2020,３つのシティ実現に向けた基金,スマート シティ,芸術文化振興基金,2019年度最終補正後残高,26
2020,３つのシティ実現に向けた基金,スマート シティ,芸術文化振興基金,2020年度取崩額（当初）,-26
2020,３つのシティ実現に向けた基金,スマート シティ,芸術文化振興基金,2020年度末残高（当初）,0
2020,３つのシティ実現に向けた基金,スマート シティ,おもてなし・観光基金,2019年度最終補正後残高,46
2020,３つのシティ実現に向けた基金,スマート シティ,おもてなし・観光基金,2020年度取崩額（当初）,-46
2020,３つのシティ実現に向けた基金,スマート シティ,おもてなし・観光基金,2020年度末残高（当初）,0
2020,３つのシティ実現に向けた基金,スマート シティ,鉄道新線建設等準備基金,2019年度最終補正後残高,691
2020,３つのシティ実現に向けた基金,スマート シティ,鉄道新線建設等準備基金,2020年度取崩額（当初）,-1
2020,３つのシティ実現に向けた基金,スマート シティ,鉄道新線建設等準備基金,2020年度末残高（当初）,760
2020,３つのシティ実現に向けた基金,スマート シティ,スマート東京推進基金,2019年度最終補正後残高,500
2020,３つのシティ実現に向けた基金,スマート シティ,スマート東京推進基金,2020年度取崩額（当初）,-59
2020,３つのシティ実現に向けた基金,スマート シティ,スマート東京推進基金,2020年度末残高（当初）,441
2020,３つのシティ実現に向けた基金,スマート シティ,緑あふれる東京基金,2019年度最終補正後残高,300
2020,３つのシティ実現に向けた基金,スマート シティ,緑あふれる東京基金,2020年度取崩額（当初）,0
2020,３つのシティ実現に向けた基金,スマート シティ,緑あふれる東京基金,2020年度末残高（当初）,300
2020,３つのシティ実現に向けた基金,スマート シティ,ゼロエミッション東京推進基金,2019年度最終補正後残高,300
2020,３つのシティ実現に向けた基金,スマート シティ,ゼロエミッション東京推進基金,2020年度取崩額（当初）,-7
2020,３つのシティ実現に向けた基金,スマート シティ,ゼロエミッション東京推進基金,2020年度末残高（当初）,293
2020,３つのシティ実現に向けた基金,スマート シティ,＜端数調整＞,2019年度最終補正後残高,1
2020,３つのシティ実現に向けた基金,スマート シティ,＜端数調整＞,2020年度取崩額（当初）,-1
2020,３つのシティ実現に向けた基金,スマート シティ,＜端数調整＞,2020年度末残高（当初）,0
2020,３つのシティ実現に向けた基金,ダイバーシティ,福祉・健康安心基金,2019年度最終補正後残高,40
2020,３つのシティ実現に向けた基金,ダイバーシティ,福祉・健康安心基金,2020年度取崩額（当初）,-40
2020,３つのシティ実現に向けた基金,ダイバーシティ,福祉・健康安心基金,2020年度末残高（当初）,0
2020,３つのシティ実現に向けた基金,ダイバーシティ,人に優しく快適な街づくり基金,2019年度最終補正後残高,126
2020,３つのシティ実現に向けた基金,ダイバーシティ,人に優しく快適な街づくり基金,2020年度取崩額（当初）,-126
2020,３つのシティ実現に向けた基金,ダイバーシティ,人に優しく快適な街づくり基金,2020年度末残高（当初）,0
2020,３つのシティ実現に向けた基金,ダイバーシティ,福祉先進都市実現基金,2019年度最終補正後残高,"1,866"
2020,３つのシティ実現に向けた基金,ダイバーシティ,福祉先進都市実現基金,2020年度取崩額（当初）,-673
2020,３つのシティ実現に向けた基金,ダイバーシティ,福祉先進都市実現基金,2020年度末残高（当初）,"1,193"
2020,３つのシティ実現に向けた基金,ダイバーシティ,障害者スポーツ振興基金,2019年度最終補正後残高,46
2020,３つのシティ実現に向けた基金,ダイバーシティ,障害者スポーツ振興基金,2020年度取崩額（当初）,-46
2020,３つのシティ実現に向けた基金,ダイバーシティ,障害者スポーツ振興基金,2020年度末残高（当初）,0
2020,３つのシティ実現に向けた基金,ダイバーシティ,＜端数調整＞,2019年度最終補正後残高,0
2020,３つのシティ実現に向けた基金,ダイバーシティ,＜端数調整＞,2020年度取崩額（当初）,-1
2020,３つのシティ実現に向けた基金,ダイバーシティ,＜端数調整＞,2020年度末残高（当初）,0
2020,３つのシティ実現に向けた基金,東京オリンピック・パラリンピック開催準備基金,東京オリンピック・パラリンピック開催準備基金,2019年度最終補正後残高,"2,784"
2020,３つのシティ実現に向けた基金,東京オリンピック・パラリンピック開催準備基金,東京オリンピック・パラリンピック開催準備基金,2020年度取崩額（当初）,"-2,610"
2020,３つのシティ実現に向けた基金,東京オリンピック・パラリンピック開催準備基金,東京オリンピック・パラリンピック開催準備基金,2020年度末残高（当初）,174
2020,３つのシティ実現に向けた基金,＜端数調整＞,＜端数調整＞,2019年度最終補正後残高,-1
2020,３つのシティ実現に向けた基金,＜端数調整＞,＜端数調整＞,2020年度取崩額（当初）,0
2020,３つのシティ実現に向けた基金,＜端数調整＞,＜端数調整＞,2020年度末残高（当初）,0
2020,国の交付金等により積み立てた基金,その他基金,その他基金,2019年度最終補正後残高,"1,333"
2020,国の交付金等により積み立てた基金,その他基金,その他基金,2020年度取崩額（当初）,-269
2020,国の交付金等により積み立てた基金,その他基金,その他基金,2020年度末残高（当初）,"1,252"
2020,財源として活用可能な基金,財政調整基金,財政調整基金,2019年度最終補正後残高,"9,345"
2020,財源として活用可能な基金,財政調整基金,財政調整基金,2020年度取崩額（当初）,0
2020,財源として活用可能な基金,財政調整基金,財政調整基金,2020年度末残高（当初）,"9,348"
2020,合計,合計,合計,2019年度最終補正後残高,"25,047"
2020,合計,合計,合計,2020年度取崩額（当初）,"-7,601"
2020,合計,合計,合計,2020年度末残高（当初）,"17,744"
2019,３つのシティ実現に向けた基金,セーフ シティ,防災街づくり基金,2018年度最終補正後残高,"2,095"
2019,３つのシティ実現に向けた基金,セーフ シティ,防災街づくり基金,2019年度取崩額（当初）,"-1,076"
2019,３つのシティ実現に向けた基金,セーフ シティ,防災街づくり基金,2019年度末残高（当初）,"1,019"
2019,３つのシティ実現に向けた基金,セーフ シティ,無電柱化推進基金,2018年度最終補正後残高,498
2019,３つのシティ実現に向けた基金,セーフ シティ,無電柱化推進基金,2019年度取崩額（当初）,-144
2019,３つのシティ実現に向けた基金,セーフ シティ,無電柱化推進基金,2019年度末残高（当初）,354
2019,３つのシティ実現に向けた基金,セーフ シティ,＜端数調整＞,2018年度最終補正後残高,-1
2019,３つのシティ実現に向けた基金,セーフ シティ,＜端数調整＞,2019年度取崩額（当初）,0
2019,３つのシティ実現に向けた基金,セーフ シティ,＜端数調整＞,2019年度末残高（当初）,0
2019,３つのシティ実現に向けた基金,スマート シティ,社会資本等整備基金,2018年度最終補正後残高,"3,875"
2019,３つのシティ実現に向けた基金,スマート シティ,社会資本等整備基金,2019年度取崩額（当初）,-680
2019,３つのシティ実現に向けた基金,スマート シティ,社会資本等整備基金,2019年度末残高（当初）,"3,243"
2019,３つのシティ実現に向けた基金,スマート シティ,芸術文化振興基金,2018年度最終補正後残高,53
2019,３つのシティ実現に向けた基金,スマート シティ,芸術文化振興基金,2019年度取崩額（当初）,-30
2019,３つのシティ実現に向けた基金,スマート シティ,芸術文化振興基金,2019年度末残高（当初）,23
2019,３つのシティ実現に向けた基金,スマート シティ,水素社会・スマートエネルギー都市づくり推進基金,2018年度最終補正後残高,300
2019,３つのシティ実現に向けた基金,スマート シティ,水素社会・スマートエネルギー都市づくり推進基金,2019年度取崩額（当初）,-48
2019,３つのシティ実現に向けた基金,スマート シティ,水素社会・スマートエネルギー都市づくり推進基金,2019年度末残高（当初）,252
2019,３つのシティ実現に向けた基金,スマート シティ,おもてなし・観光基金,2018年度最終補正後残高,79
2019,３つのシティ実現に向けた基金,スマート シティ,おもてなし・観光基金,2019年度取崩額（当初）,-41
2019,３つのシティ実現に向けた基金,スマート シティ,おもてなし・観光基金,2019年度末残高（当初）,39
2019,３つのシティ実現に向けた基金,スマート シティ,イノベーション創出基金,2018年度最終補正後残高,254
2019,３つのシティ実現に向けた基金,スマート シティ,イノベーション創出基金,2019年度取崩額（当初）,-64
2019,３つのシティ実現に向けた基金,スマート シティ,イノベーション創出基金,2019年度末残高（当初）,190
2019,３つのシティ実現に向けた基金,スマート シティ,鉄道新線建設等準備基金,2018年度最終補正後残高,620
2019,３つのシティ実現に向けた基金,スマート シティ,鉄道新線建設等準備基金,2019年度取崩額（当初）,0
2019,３つのシティ実現に向けた基金,スマート シティ,鉄道新線建設等準備基金,2019年度末残高（当初）,691
2019,３つのシティ実現に向けた基金,スマート シティ,＜端数調整＞,2018年度最終補正後残高,0
2019,３つのシティ実現に向けた基金,スマート シティ,＜端数調整＞,2019年度取崩額（当初）,1
2019,３つのシティ実現に向けた基金,スマート シティ,＜端数調整＞,2019年度末残高（当初）,-1
2019,３つのシティ実現に向けた基金,ダイバーシティ,福祉・健康安心基金,2018年度最終補正後残高,44
2019,３つのシティ実現に向けた基金,ダイバーシティ,福祉・健康安心基金,2019年度取崩額（当初）,-11
2019,３つのシティ実現に向けた基金,ダイバーシティ,福祉・健康安心基金,2019年度末残高（当初）,33
2019,３つのシティ実現に向けた基金,ダイバーシティ,人に優しく快適な街づくり基金,2018年度最終補正後残高,265
2019,３つのシティ実現に向けた基金,ダイバーシティ,人に優しく快適な街づくり基金,2019年度取崩額（当初）,-106
2019,３つのシティ実現に向けた基金,ダイバーシティ,人に優しく快適な街づくり基金,2019年度末残高（当初）,160
2019,３つのシティ実現に向けた基金,ダイバーシティ,福祉先進都市実現基金,2018年度最終補正後残高,"1,674"
2019,３つのシティ実現に向けた基金,ダイバーシティ,福祉先進都市実現基金,2019年度取崩額（当初）,-577
2019,３つのシティ実現に向けた基金,ダイバーシティ,福祉先進都市実現基金,2019年度末残高（当初）,"1,098"
2019,３つのシティ実現に向けた基金,ダイバーシティ,障害者スポーツ振興基金,2018年度最終補正後残高,86
2019,３つのシティ実現に向けた基金,ダイバーシティ,障害者スポーツ振興基金,2019年度取崩額（当初）,-57
2019,３つのシティ実現に向けた基金,ダイバーシティ,障害者スポーツ振興基金,2019年度末残高（当初）,28
2019,３つのシティ実現に向けた基金,ダイバーシティ,＜端数調整＞,2018年度最終補正後残高,0
2019,３つのシティ実現に向けた基金,ダイバーシティ,＜端数調整＞,2019年度取崩額（当初）,0
2019,３つのシティ実現に向けた基金,ダイバーシティ,＜端数調整＞,2019年度末残高（当初）,-1
2019,３つのシティ実現に向けた基金,東京オリンピック・パラリンピック開催準備基金,東京オリンピック・パラリンピック開催準備基金,2018年度最終補正後残高,"4,935"
2019,３つのシティ実現に向けた基金,東京オリンピック・パラリンピック開催準備基金,東京オリンピック・パラリンピック開催準備基金,2019年度取崩額（当初）,"-2,744"
2019,３つのシティ実現に向けた基金,東京オリンピック・パラリンピック開催準備基金,東京オリンピック・パラリンピック開催準備基金,2019年度末残高（当初）,"2,193"
2019,３つのシティ実現に向けた基金,＜端数調整＞,＜端数調整＞,2018年度最終補正後残高,0
2019,３つのシティ実現に向けた基金,＜端数調整＞,＜端数調整＞,2019年度取崩額（当初）,0
2019,３つのシティ実現に向けた基金,＜端数調整＞,＜端数調整＞,2019年度末残高（当初）,0
2019,国の交付金等により積み立てた基金,その他基金,その他基金,2018年度最終補正後残高,"1,362"
2019,国の交付金等により積み立てた基金,その他基金,その他基金,2019年度取崩額（当初）,-264
2019,国の交付金等により積み立てた基金,その他基金,その他基金,2019年度末残高（当初）,"1,299"
2019,財源として活用可能な基金,財政調整基金,財政調整基金,2018年度最終補正後残高,"8,428"
2019,財源として活用可能な基金,財政調整基金,財政調整基金,2019年度取崩額（当初）,0
2019,財源として活用可能な基金,財政調整基金,財政調整基金,2019年度末残高（当初）,"8,470"
2019,合計,合計,合計,2018年度最終補正後残高,"24,567"
2019,合計,合計,合計,2019年度取崩額（当初）,"-5,841"
2019,合計,合計,合計,2019年度末残高（当初）,"19,090"
2018,３つのシティ実現に向けた基金,セーフ シティ,防災街づくり基金,2017年度最終補正後残高,"2,331"
2018,３つのシティ実現に向けた基金,セーフ シティ,防災街づくり基金,2018年度取崩額（当初）,-994
2018,３つのシティ実現に向けた基金,セーフ シティ,防災街づくり基金,2018年度末残高（当初）,"1,338"
2018,３つのシティ実現に向けた基金,セーフ シティ,無電柱化推進基金,2017年度最終補正後残高,631
2018,３つのシティ実現に向けた基金,セーフ シティ,無電柱化推進基金,2018年度取崩額（当初）,-145
2018,３つのシティ実現に向けた基金,セーフ シティ,無電柱化推進基金,2018年度末残高（当初）,487
2018,３つのシティ実現に向けた基金,セーフ シティ,＜端数調整＞,2017年度最終補正後残高,0
2018,３つのシティ実現に向けた基金,セーフ シティ,＜端数調整＞,2018年度取崩額（当初）,0
2018,３つのシティ実現に向けた基金,セーフ シティ,＜端数調整＞,2018年度末残高（当初）,0
2018,３つのシティ実現に向けた基金,スマート シティ,社会資本等整備基金,2017年度最終補正後残高,"4,247"
2018,３つのシティ実現に向けた基金,スマート シティ,社会資本等整備基金,2018年度取崩額（当初）,-906
2018,３つのシティ実現に向けた基金,スマート シティ,社会資本等整備基金,2018年度末残高（当初）,"3,394"
2018,３つのシティ実現に向けた基金,スマート シティ,芸術文化振興基金,2017年度最終補正後残高,85
2018,３つのシティ実現に向けた基金,スマート シティ,芸術文化振興基金,2018年度取崩額（当初）,-32
2018,３つのシティ実現に向けた基金,スマート シティ,芸術文化振興基金,2018年度末残高（当初）,53
2018,３つのシティ実現に向けた基金,スマート シティ,水素社会・スマートエネルギー都市づくり推進基金,2017年度最終補正後残高,333
2018,３つのシティ実現に向けた基金,スマート シティ,水素社会・スマートエネルギー都市づくり推進基金,2018年度取崩額（当初）,-33
2018,３つのシティ実現に向けた基金,スマート シティ,水素社会・スマートエネルギー都市づくり推進基金,2018年度末残高（当初）,299
2018,３つのシティ実現に向けた基金,スマート シティ,おもてなし・観光基金,2017年度最終補正後残高,118
2018,３つのシティ実現に向けた基金,スマート シティ,おもてなし・観光基金,2018年度取崩額（当初）,-49
2018,３つのシティ実現に向けた基金,スマート シティ,おもてなし・観光基金,2018年度末残高（当初）,70
2018,３つのシティ実現に向けた基金,スマート シティ,イノベーション創出基金,2017年度最終補正後残高,300
2018,３つのシティ実現に向けた基金,スマート シティ,イノベーション創出基金,2018年度取崩額（当初）,-46
2018,３つのシティ実現に向けた基金,スマート シティ,イノベーション創出基金,2018年度末残高（当初）,254
2018,３つのシティ実現に向けた基金,スマート シティ,鉄道新線建設等準備基金,2017年度最終補正後残高,0
2018,３つのシティ実現に向けた基金,スマート シティ,鉄道新線建設等準備基金,2018年度取崩額（当初）,0
2018,３つのシティ実現に向けた基金,スマート シティ,鉄道新線建設等準備基金,2018年度末残高（当初）,620
2018,３つのシティ実現に向けた基金,スマート シティ,＜端数調整＞,2017年度最終補正後残高,-1
2018,３つのシティ実現に向けた基金,スマート シティ,＜端数調整＞,2018年度取崩額（当初）,-1
2018,３つのシティ実現に向けた基金,スマート シティ,＜端数調整＞,2018年度末残高（当初）,0
2018,３つのシティ実現に向けた基金,ダイバーシティ,福祉・健康安心基金,2017年度最終補正後残高,58
2018,３つのシティ実現に向けた基金,ダイバーシティ,福祉・健康安心基金,2018年度取崩額（当初）,-22
2018,３つのシティ実現に向けた基金,ダイバーシティ,福祉・健康安心基金,2018年度末残高（当初）,35
2018,３つのシティ実現に向けた基金,ダイバーシティ,人に優しく快適な街づくり基金,2017年度最終補正後残高,315
2018,３つのシティ実現に向けた基金,ダイバーシティ,人に優しく快適な街づくり基金,2018年度取崩額（当初）,-126
2018,３つのシティ実現に向けた基金,ダイバーシティ,人に優しく快適な街づくり基金,2018年度末残高（当初）,189
2018,３つのシティ実現に向けた基金,ダイバーシティ,福祉先進都市実現基金,2017年度最終補正後残高,"2,158"
2018,３つのシティ実現に向けた基金,ダイバーシティ,福祉先進都市実現基金,2018年度取崩額（当初）,-564
2018,３つのシティ実現に向けた基金,ダイバーシティ,福祉先進都市実現基金,2018年度末残高（当初）,"1,595"
2018,３つのシティ実現に向けた基金,ダイバーシティ,障害者スポーツ振興基金,2017年度最終補正後残高,120
2018,３つのシティ実現に向けた基金,ダイバーシティ,障害者スポーツ振興基金,2018年度取崩額（当初）,-69
2018,３つのシティ実現に向けた基金,ダイバーシティ,障害者スポーツ振興基金,2018年度末残高（当初）,50
2018,３つのシティ実現に向けた基金,ダイバーシティ,＜端数調整＞,2017年度最終補正後残高,0
2018,３つのシティ実現に向けた基金,ダイバーシティ,＜端数調整＞,2018年度取崩額（当初）,0
2018,３つのシティ実現に向けた基金,ダイバーシティ,＜端数調整＞,2018年度末残高（当初）,1
2018,３つのシティ実現に向けた基金,東京オリンピック・パラリンピック開催準備基金,東京オリンピック・パラリンピック開催準備基金,2017年度最終補正後残高,"5,030"
2018,３つのシティ実現に向けた基金,東京オリンピック・パラリンピック開催準備基金,東京オリンピック・パラリンピック開催準備基金,2018年度取崩額（当初）,-968
2018,３つのシティ実現に向けた基金,東京オリンピック・パラリンピック開催準備基金,東京オリンピック・パラリンピック開催準備基金,2018年度末残高（当初）,"4,063"
2018,３つのシティ実現に向けた基金,＜端数調整＞,＜端数調整＞,2017年度最終補正後残高,0
2018,３つのシティ実現に向けた基金,＜端数調整＞,＜端数調整＞,2018年度取崩額（当初）,1
2018,３つのシティ実現に向けた基金,＜端数調整＞,＜端数調整＞,2018年度末残高（当初）,-1
2018,国の交付金等により積み立てた基金,その他基金,その他基金,2017年度最終補正後残高,"2,192"
2018,国の交付金等により積み立てた基金,その他基金,その他基金,2018年度取崩額（当初）,-292
2018,国の交付金等により積み立てた基金,その他基金,その他基金,2018年度末残高（当初）,"1,569"
2018,財源として活用可能な基金,財政調整基金,財政調整基金,2017年度最終補正後残高,"7,165"
2018,財源として活用可能な基金,財政調整基金,財政調整基金,2018年度取崩額（当初）,0
2018,財源として活用可能な基金,財政調整基金,財政調整基金,2018年度末残高（当初）,"7,167"
2018,合計,合計,合計,2017年度最終補正後残高,"25,082"
2018,合計,合計,合計,2018年度取崩額（当初）,"-4,247"
2018,合計,合計,合計,2018年度末残高（当初）,"21,183"
